seed,scenario_group,spans,launch_power_dbm,pcs_nu,shaped,scenario,symbol_count,ssfm_steps_per_span,n_bands,bands,gmi,ngmi,ber,gsnr_db,rate_tbps,rate_tbps_per_channel
1,C,10,2.0,0.0,False,uniform_raw,16384,8,1,C,3.6397694753261884,0.9099423688315471,0.0212554931640625,12.831667956496878,0.46589049284175216,0.46589049284175216
1,C,10,2.0,0.24,True,pcs_raw,16384,8,1,C,3.6478297449364367,0.9152661512504711,0.0201873779296875,12.641965915826479,0.4669222073518639,0.4669222073518639
2,C,10,2.0,0.0,False,uniform_raw,16384,8,1,C,3.643304829911746,0.9108262074779365,0.0211029052734375,12.917681999852766,0.4663430182287035,0.4663430182287035
2,C,10,2.0,0.24,True,pcs_raw,16384,8,1,C,3.679694774935264,0.9232324087501779,0.0181884765625,12.779641327431035,0.4710009311917138,0.4710009311917138
3,C,10,2.0,0.0,False,uniform_raw,16384,8,1,C,3.6246483392758693,0.9061620848189673,0.0227203369140625,12.798833929970355,0.4639549874273113,0.4639549874273113
3,C,10,2.0,0.24,True,pcs_raw,16384,8,1,C,3.6497375244138963,0.915743096119836,0.0199432373046875,12.677570820748208,0.4671664031249787,0.4671664031249787
4,C,10,2.0,0.0,False,uniform_raw,16384,8,1,C,3.6330003516455607,0.9082500879113902,0.02166748046875,12.858751524187648,0.46502404501063177,0.46502404501063177
4,C,10,2.0,0.24,True,pcs_raw,16384,8,1,C,3.6715510946887493,0.9211964886885492,0.0178680419921875,12.7707687756153,0.4699585401201599,0.4699585401201599
5,C,10,2.0,0.0,False,uniform_raw,16384,8,1,C,3.651090985428513,0.9127727463571282,0.0216522216796875,12.883649973178184,0.4673396461348497,0.4673396461348497
5,C,10,2.0,0.24,True,pcs_raw,16384,8,1,C,3.6709743650591724,0.921052306281155,0.0186767578125,12.729707612681418,0.4698847187275741,0.4698847187275741
6,C,10,2.0,0.0,False,uniform_raw,16384,8,1,C,3.630141151478436,0.907535287869609,0.0224609375,12.798375370071753,0.4646580673892398,0.4646580673892398
6,C,10,2.0,0.24,True,pcs_raw,16384,8,1,C,3.676985374781146,0.9225550587116483,0.018096923828125,12.716045347937424,0.4706541279719867,0.4706541279719867
7,C,10,2.0,0.0,False,uniform_raw,16384,8,1,C,3.640054287577911,0.9100135718944777,0.02197265625,12.869863535253334,0.4659269488099726,0.4659269488099726
7,C,10,2.0,0.24,True,pcs_raw,16384,8,1,C,3.6655320784654246,0.919691734632718,0.019073486328125,12.722660420981944,0.46918810604357436,0.46918810604357436
8,C,10,2.0,0.0,False,uniform_raw,16384,8,1,C,3.6423705295023536,0.9105926323755884,0.0214385986328125,12.810122564176133,0.46622342777630127,0.46622342777630127
8,C,10,2.0,0.24,True,pcs_raw,16384,8,1,C,3.6621646680675446,0.918849882033248,0.0197601318359375,12.708704265268768,0.46875707751264567,0.46875707751264567
9,C,10,2.0,0.0,False,uniform_raw,16384,8,1,C,3.6464627709475153,0.9116156927368788,0.021331787109375,12.918617898888144,0.466747234681282,0.466747234681282
9,C,10,2.0,0.24,True,pcs_raw,16384,8,1,C,3.6552778035825577,0.9171281659120013,0.01922607421875,12.68407373979562,0.4678755588585674,0.4678755588585674
10,C,10,2.0,0.0,False,uniform_raw,16384,8,1,C,3.639536978012048,0.909884244503012,0.0218963623046875,12.88347836719528,0.4658607331855421,0.4658607331855421
10,C,10,2.0,0.24,True,pcs_raw,16384,8,1,C,3.6749797089834844,0.922053642262233,0.018035888671875,12.771725165661554,0.470397402749886,0.470397402749886
1,C,10,2.0,0.0,False,uniform_raw,32768,8,1,C,3.650620114690458,0.9126550286726145,0.0211944580078125,12.89597114956581,0.4672793746803786,0.4672793746803786
1,C,10,2.0,0.24,True,pcs_raw,32768,8,1,C,3.6661005305096683,0.919833847643779,0.01905059814453125,12.660184629107745,0.4692608679052375,0.4692608679052375
2,C,10,2.0,0.0,False,uniform_raw,32768,8,1,C,3.647397837164461,0.9118494592911153,0.0208587646484375,12.890538929306139,0.46686692315705103,0.46686692315705103
2,C,10,2.0,0.24,True,pcs_raw,32768,8,1,C,3.654002674169917,0.9168093835588411,0.0189971923828125,12.692221654556892,0.4677123422937494,0.4677123422937494
3,C,10,2.0,0.0,False,uniform_raw,32768,8,1,C,3.6429671349909105,0.9107417837477276,0.02158355712890625,12.873162436331429,0.4662997932788365,0.4662997932788365
3,C,10,2.0,0.24,True,pcs_raw,32768,8,1,C,3.6497577702343236,0.9157481575749428,0.01930999755859375,12.698832755688487,0.4671689945899934,0.4671689945899934
4,C,10,2.0,0.0,False,uniform_raw,32768,8,1,C,3.6268050853049796,0.9067012713262449,0.02216339111328125,12.847025531351473,0.46423105091903744,0.46423105091903744
4,C,10,2.0,0.24,True,pcs_raw,32768,8,1,C,3.660285813768276,0.9183801684584308,0.0194244384765625,12.67786863829369,0.46851658416233927,0.46851658416233927
5,C,10,2.0,0.0,False,uniform_raw,32768,8,1,C,3.636101815630747,0.9090254539076867,0.0218048095703125,12.881736839831834,0.46542103240073557,0.46542103240073557
5,C,10,2.0,0.24,True,pcs_raw,32768,8,1,C,3.6607868930760663,0.9185054382853785,0.01905059814453125,12.711744758354621,0.4685807223137365,0.4685807223137365
6,C,10,2.0,0.0,False,uniform_raw,32768,8,1,C,3.637266163917516,0.909316540979379,0.022064208984375,12.846245827815274,0.46557006898144204,0.46557006898144204
6,C,10,2.0,0.24,True,pcs_raw,32768,8,1,C,3.6641651697173145,0.9193500074456905,0.0188446044921875,12.69459925856756,0.4690131417238163,0.4690131417238163
7,C,10,2.0,0.0,False,uniform_raw,32768,8,1,C,3.63829413620912,0.90957353405228,0.02142333984375,12.842990479231629,0.4657016494347674,0.4657016494347674
7,C,10,2.0,0.24,True,pcs_raw,32768,8,1,C,3.6547863086669654,0.9170052921831032,0.01956939697265625,12.699882288237012,0.46781264750937157,0.46781264750937157
8,C,10,2.0,0.0,False,uniform_raw,32768,8,1,C,3.6314618206338367,0.9078654551584592,0.02220916748046875,12.781157452359984,0.4648271130411311,0.4648271130411311
8,C,10,2.0,0.24,True,pcs_raw,32768,8,1,C,3.6576373537123184,0.9177180534444415,0.0189971923828125,12.70577595352,0.4681775812751768,0.4681775812751768
9,C,10,2.0,0.0,False,uniform_raw,32768,8,1,C,3.633600247879437,0.9084000619698592,0.0220947265625,12.857522963804442,0.4651008317285679,0.4651008317285679
9,C,10,2.0,0.24,True,pcs_raw,32768,8,1,C,3.650220655816604,0.9158638789705129,0.01961517333984375,12.641492652592202,0.46722824394452533,0.46722824394452533
10,C,10,2.0,0.0,False,uniform_raw,32768,8,1,C,3.6237839133391487,0.9059459783347872,0.02225494384765625,12.840138744971767,0.463844340907411,0.463844340907411
10,C,10,2.0,0.24,True,pcs_raw,32768,8,1,C,3.6573425295280324,0.91764434739837,0.018890380859375,12.701188336821541,0.4681398437795881,0.4681398437795881
1,C,10,2.0,0.0,False,uniform_raw,65536,8,1,C,3.6447744647967237,0.9111936161991809,0.021488189697265625,12.884211178333082,0.4665311314939807,0.4665311314939807
1,C,10,2.0,0.24,True,pcs_raw,65536,8,1,C,3.6618424134465837,0.9187693183780078,0.018924713134765625,12.712508469636237,0.4687158289211627,0.4687158289211627
2,C,10,2.0,0.0,False,uniform_raw,65536,8,1,C,3.6323111617016437,0.9080777904254109,0.021686553955078125,12.857895033690204,0.46493582869781036,0.46493582869781036
2,C,10,2.0,0.24,True,pcs_raw,65536,8,1,C,3.6650189882056403,0.919563462067772,0.018951416015625,12.699141309337154,0.469122430490322,0.469122430490322
3,C,10,2.0,0.0,False,uniform_raw,65536,8,1,C,3.6287170998707827,0.9071792749676957,0.021595001220703125,12.844328097491456,0.4644757887834602,0.4644757887834602
3,C,10,2.0,0.24,True,pcs_raw,65536,8,1,C,3.654956160755609,0.9170477552052642,0.018978118896484375,12.687233662715435,0.46783438857671794,0.46783438857671794
4,C,10,2.0,0.0,False,uniform_raw,65536,8,1,C,3.6363439764447545,0.9090859941111886,0.02194976806640625,12.84898793303314,0.4654520289849286,0.4654520289849286
4,C,10,2.0,0.24,True,pcs_raw,65536,8,1,C,3.662577333940993,0.9189530485016101,0.01934051513671875,12.680032100434628,0.46880989874444706,0.46880989874444706
5,C,10,2.0,0.0,False,uniform_raw,65536,8,1,C,3.642865642668291,0.9107164106670728,0.02156829833984375,12.840717076358196,0.46628680226154123,0.46628680226154123
5,C,10,2.0,0.24,True,pcs_raw,65536,8,1,C,3.660264666833816,0.9183748817248159,0.019031524658203125,12.691320031607226,0.46851387735472844,0.46851387735472844
6,C,10,2.0,0.0,False,uniform_raw,65536,8,1,C,3.6436777395902005,0.9109194348975501,0.021762847900390625,12.88127766291927,0.46639075066754565,0.46639075066754565
6,C,10,2.0,0.24,True,pcs_raw,65536,8,1,C,3.6702033076343676,0.9208595419249538,0.019123077392578125,12.687789372608194,0.46978602337719905,0.46978602337719905
7,C,10,2.0,0.0,False,uniform_raw,65536,8,1,C,3.643882021577116,0.910970505394279,0.021633148193359375,12.86012819558395,0.46641689876187087,0.46641689876187087
7,C,10,2.0,0.24,True,pcs_raw,65536,8,1,C,3.650214776170131,0.9158624090588946,0.0192718505859375,12.68915252250363,0.46722749134977676,0.46722749134977676
8,C,10,2.0,0.0,False,uniform_raw,65536,8,1,C,3.6409368969239004,0.9102342242309751,0.02155303955078125,12.879759093327516,0.4660399228062593,0.4660399228062593
8,C,10,2.0,0.24,True,pcs_raw,65536,8,1,C,3.664748034308357,0.9194957235934511,0.018886566162109375,12.730011774173855,0.46908774839146966,0.46908774839146966
9,C,10,2.0,0.0,False,uniform_raw,65536,8,1,C,3.6407062802909564,0.9101765700727391,0.021381378173828125,12.87301892300649,0.4660104038772424,0.4660104038772424
9,C,10,2.0,0.24,True,pcs_raw,65536,8,1,C,3.6531510988390545,0.9165964897261255,0.019084930419921875,12.687576359128308,0.46760334065139897,0.46760334065139897
10,C,10,2.0,0.0,False,uniform_raw,65536,8,1,C,3.6368248655289404,0.9092062163822351,0.021480560302734375,12.860229901140144,0.4655135827877043,0.4655135827877043
10,C,10,2.0,0.24,True,pcs_raw,65536,8,1,C,3.6572300853412485,0.917616236351674,0.019306182861328125,12.7182732153221,0.4681254509236798,0.4681254509236798
