scenario,stage,seed,symbols,nu,spans,launch_power_dbm,uniform_bmd_rate_bit_per_symbol,pcs_stored_score_bit_per_symbol,entropy_correction_bit_per_symbol,pcs_corrected_bmd_rate_bit_per_symbol,delta_corrected_bmd_gain_bit_per_symbol,ber_uniform,ber_pcs,gsnr_uniform_db,gsnr_pcs_db,notes
C,final_confirmation,21,131072,0.36,10,2,3.641858962,3.658028425,0.02960839165,3.628420033,-0.01343892841,0.02167129517,0.01838111877,12.84939265,12.60907524,day8_waveform_surrogate_confirmation_adapter
C,final_confirmation,22,131072,0.36,10,2,3.632580317,3.644450802,0.02960839165,3.61484241,-0.01773790645,0.02164459229,0.01882743835,12.86935897,12.57470891,day8_waveform_surrogate_confirmation_adapter
C,final_confirmation,23,131072,0.36,10,2,3.651986663,3.654112565,0.02960839165,3.624504173,-0.02748248963,0.02165794373,0.01872062683,12.89031584,12.59303134,day8_waveform_surrogate_confirmation_adapter
C,final_confirmation,24,131072,0.36,10,2,3.649499732,3.659167277,0.02960839165,3.629558886,-0.01994084599,0.02172660828,0.01836967468,12.84304708,12.60684752,day8_waveform_surrogate_confirmation_adapter
C,final_confirmation,25,131072,0.36,10,2,3.633624546,3.657899677,0.02960839165,3.628291285,-0.005333260519,0.02175140381,0.01846313477,12.87268998,12.58776383,day8_waveform_surrogate_confirmation_adapter
C,final_confirmation,26,131072,0.36,10,2,3.641980628,3.650269721,0.02960839165,3.620661329,-0.02131929826,0.02115249634,0.01886177063,12.89089125,12.58886894,day8_waveform_surrogate_confirmation_adapter
C,final_confirmation,27,131072,0.36,10,2,3.642270374,3.657101872,0.02960839165,3.62749348,-0.01477689348,0.02180290222,0.01871871948,12.87456388,12.57828686,day8_waveform_surrogate_confirmation_adapter
C,final_confirmation,28,131072,0.36,10,2,3.633540396,3.658426945,0.02960839165,3.628818553,-0.0047218426,0.02173042297,0.01854515076,12.87198446,12.60224395,day8_waveform_surrogate_confirmation_adapter
C,final_confirmation,29,131072,0.36,10,2,3.636996074,3.6574072,0.02960839165,3.627798809,-0.00919726557,0.02156257629,0.01853752136,12.86720945,12.60520844,day8_waveform_surrogate_confirmation_adapter
C,final_confirmation,30,131072,0.36,10,2,3.64170109,3.665404735,0.02960839165,3.635796343,-0.005904746867,0.02181816101,0.01855659485,12.86858181,12.59169829,day8_waveform_surrogate_confirmation_adapter
C,final_confirmation,31,131072,0.36,10,2,3.627568278,3.65329511,0.02960839165,3.623686718,-0.003881559773,0.02169418335,0.01863288879,12.86485419,12.58782833,day8_waveform_surrogate_confirmation_adapter
C,final_confirmation,32,131072,0.36,10,2,3.641461954,3.652441984,0.02960839165,3.622833593,-0.01862836115,0.02162742615,0.01874542236,12.88402567,12.61154132,day8_waveform_surrogate_confirmation_adapter
C,final_confirmation,33,131072,0.36,10,2,3.652502247,3.658837658,0.02960839165,3.629229266,-0.02327298117,0.02143669128,0.01891899109,12.86643283,12.57459995,day8_waveform_surrogate_confirmation_adapter
C,final_confirmation,34,131072,0.36,10,2,3.635652212,3.662676821,0.02960839165,3.633068429,-0.002583782734,0.02164268494,0.01875114441,12.85656967,12.591321,day8_waveform_surrogate_confirmation_adapter
C,final_confirmation,35,131072,0.36,10,2,3.634276076,3.64755263,0.02960839165,3.617944238,-0.01633183765,0.02166175842,0.01864051819,12.87898754,12.59267723,day8_waveform_surrogate_confirmation_adapter
C,final_confirmation,36,131072,0.36,10,2,3.632551227,3.643934589,0.02960839165,3.614326197,-0.01822503015,0.02151298523,0.01881790161,12.86994271,12.59063529,day8_waveform_surrogate_confirmation_adapter
C,final_confirmation,37,131072,0.36,10,2,3.633529593,3.650540354,0.02960839165,3.620931962,-0.01259763107,0.02167320251,0.01826286316,12.85981697,12.62664768,day8_waveform_surrogate_confirmation_adapter
C,final_confirmation,38,131072,0.36,10,2,3.640165529,3.64221001,0.02960839165,3.612601619,-0.0275639101,0.02153778076,0.01869010925,12.87246345,12.5746811,day8_waveform_surrogate_confirmation_adapter
C,final_confirmation,39,131072,0.36,10,2,3.634425211,3.645395727,0.02960839165,3.615787335,-0.01863787532,0.02183532715,0.01865196228,12.86909924,12.57890481,day8_waveform_surrogate_confirmation_adapter
C,final_confirmation,40,131072,0.36,10,2,3.637812469,3.655083662,0.02960839165,3.625475271,-0.01233719855,0.0218296051,0.01846504211,12.84596067,12.6121235,day8_waveform_surrogate_confirmation_adapter
C,final_confirmation,41,131072,0.36,10,2,3.643633066,3.651493801,0.02960839165,3.621885409,-0.02174765687,0.02130699158,0.01853752136,12.88568741,12.58827589,day8_waveform_surrogate_confirmation_adapter
C,final_confirmation,42,131072,0.36,10,2,3.635895269,3.654784285,0.02960839165,3.625175893,-0.01071937627,0.02159118652,0.01849746704,12.88216631,12.58990631,day8_waveform_surrogate_confirmation_adapter
C,final_confirmation,43,131072,0.36,10,2,3.645367235,3.659059614,0.02960839165,3.629451223,-0.01591601205,0.02168273926,0.01858711243,12.87320222,12.60352127,day8_waveform_surrogate_confirmation_adapter
C,final_confirmation,44,131072,0.36,10,2,3.646743928,3.664679214,0.02960839165,3.635070823,-0.01167310544,0.02166175842,0.01859664917,12.85646266,12.60942158,day8_waveform_surrogate_confirmation_adapter
C,final_confirmation,45,131072,0.36,10,2,3.637148939,3.657195798,0.02960839165,3.627587406,-0.009561532437,0.0214176178,0.01836585999,12.86174094,12.61654352,day8_waveform_surrogate_confirmation_adapter
C,final_confirmation,46,131072,0.36,10,2,3.632862554,3.645649509,0.02960839165,3.616041118,-0.01682143644,0.02200698853,0.01867866516,12.82207046,12.59563881,day8_waveform_surrogate_confirmation_adapter
C,final_confirmation,47,131072,0.36,10,2,3.639596081,3.658752672,0.02960839165,3.629144281,-0.0104518004,0.02171516418,0.01909065247,12.8612643,12.58300545,day8_waveform_surrogate_confirmation_adapter
C,final_confirmation,48,131072,0.36,10,2,3.647688187,3.651035395,0.02960839165,3.621427003,-0.02626118359,0.02124023438,0.01827049255,12.8652109,12.60262012,day8_waveform_surrogate_confirmation_adapter
C,final_confirmation,49,131072,0.36,10,2,3.632848752,3.666576248,0.02960839165,3.636967856,0.004119103892,0.02193641663,0.01836776733,12.85957249,12.62765353,day8_waveform_surrogate_confirmation_adapter
C,final_confirmation,50,131072,0.36,10,2,3.647212099,3.65536953,0.02960839165,3.625761138,-0.0214509604,0.02171707153,0.01871681213,12.86111974,12.59040708,day8_waveform_surrogate_confirmation_adapter
S,final_confirmation,21,131072,0.36,12,-2,3.754660609,3.783911374,0.02960839165,3.754302983,-0.0003576260814,0.01562309265,0.01179122925,13.4594784,13.41493115,day8_waveform_surrogate_confirmation_adapter
S,final_confirmation,22,131072,0.36,12,-2,3.754562709,3.78695352,0.02960839165,3.757345128,0.002782418972,0.0156879425,0.01179122925,13.452195,13.39663597,day8_waveform_surrogate_confirmation_adapter
S,final_confirmation,23,131072,0.36,12,-2,3.757311184,3.783743113,0.02960839165,3.754134721,-0.003176462602,0.01577758789,0.01170539856,13.45134653,13.39525622,day8_waveform_surrogate_confirmation_adapter
S,final_confirmation,24,131072,0.36,12,-2,3.762081298,3.782214843,0.02960839165,3.752606452,-0.009474846593,0.01551437378,0.01198387146,13.47691531,13.39751301,day8_waveform_surrogate_confirmation_adapter
S,final_confirmation,25,131072,0.36,12,-2,3.756530186,3.785036514,0.02960839165,3.755428122,-0.001102064194,0.01581954956,0.01220321655,13.45042576,13.37405113,day8_waveform_surrogate_confirmation_adapter
S,final_confirmation,26,131072,0.36,12,-2,3.751730917,3.78587162,0.02960839165,3.756263229,0.004532311505,0.01590538025,0.01222610474,13.45341124,13.3700202,day8_waveform_surrogate_confirmation_adapter
S,final_confirmation,27,131072,0.36,12,-2,3.753673277,3.788326515,0.02960839165,3.758718123,0.00504484545,0.01610374451,0.01174926758,13.44681943,13.39978273,day8_waveform_surrogate_confirmation_adapter
S,final_confirmation,28,131072,0.36,12,-2,3.752759966,3.786757579,0.02960839165,3.757149187,0.004389221522,0.01578712463,0.01173210144,13.44414584,13.3998954,day8_waveform_surrogate_confirmation_adapter
S,final_confirmation,29,131072,0.36,12,-2,3.756558524,3.78427291,0.02960839165,3.754664519,-0.0018940053,0.01578140259,0.01169967651,13.47540741,13.40669915,day8_waveform_surrogate_confirmation_adapter
S,final_confirmation,30,131072,0.36,12,-2,3.753148794,3.786009064,0.02960839165,3.756400673,0.003251878781,0.0156879425,0.01175689697,13.44324759,13.39720033,day8_waveform_surrogate_confirmation_adapter
S,final_confirmation,31,131072,0.36,12,-2,3.756151073,3.783563953,0.02960839165,3.753955562,-0.002195511503,0.01556777954,0.01196289062,13.47280139,13.3966637,day8_waveform_surrogate_confirmation_adapter
S,final_confirmation,32,131072,0.36,12,-2,3.753721959,3.782837752,0.02960839165,3.75322936,-0.0004925987713,0.01541519165,0.01181793213,13.47902455,13.38567998,day8_waveform_surrogate_confirmation_adapter
S,final_confirmation,33,131072,0.36,12,-2,3.757184306,3.787980093,0.02960839165,3.758371702,0.001187395928,0.01549339294,0.01198768616,13.47005412,13.40895157,day8_waveform_surrogate_confirmation_adapter
S,final_confirmation,34,131072,0.36,12,-2,3.756049888,3.785658665,0.02960839165,3.756050274,3.851819255e-07,0.01601600647,0.01191329956,13.43938588,13.42157625,day8_waveform_surrogate_confirmation_adapter
S,final_confirmation,35,131072,0.36,12,-2,3.744423991,3.784049374,0.02960839165,3.754440982,0.01001699181,0.01605033875,0.01163101196,13.45029111,13.40781739,day8_waveform_surrogate_confirmation_adapter
S,final_confirmation,36,131072,0.36,12,-2,3.755983551,3.788195333,0.02960839165,3.758586942,0.002603390983,0.0156993866,0.01192092896,13.4746449,13.38838772,day8_waveform_surrogate_confirmation_adapter
S,final_confirmation,37,131072,0.36,12,-2,3.761151758,3.791911845,0.02960839165,3.762303453,0.001151694434,0.01575469971,0.0118560791,13.45631787,13.39232062,day8_waveform_surrogate_confirmation_adapter
S,final_confirmation,38,131072,0.36,12,-2,3.761904559,3.787094616,0.02960839165,3.757486225,-0.004418334525,0.01573562622,0.01201820374,13.46293207,13.38502814,day8_waveform_surrogate_confirmation_adapter
S,final_confirmation,39,131072,0.36,12,-2,3.751237289,3.78246002,0.02960839165,3.752851628,0.00161433941,0.01570320129,0.01196861267,13.46787102,13.40135083,day8_waveform_surrogate_confirmation_adapter
S,final_confirmation,40,131072,0.36,12,-2,3.752162598,3.783172862,0.02960839165,3.753564471,0.00140187299,0.01585388184,0.0120010376,13.44747034,13.38930763,day8_waveform_surrogate_confirmation_adapter
S,final_confirmation,41,131072,0.36,12,-2,3.753796097,3.780640778,0.02960839165,3.751032386,-0.002763710811,0.01593399048,0.01188468933,13.46226312,13.39095165,day8_waveform_surrogate_confirmation_adapter
S,final_confirmation,42,131072,0.36,12,-2,3.760556049,3.781610733,0.02960839165,3.752002342,-0.008553706951,0.01558113098,0.01173210144,13.46256162,13.40407701,day8_waveform_surrogate_confirmation_adapter
S,final_confirmation,43,131072,0.36,12,-2,3.760465016,3.787278533,0.02960839165,3.757670142,-0.002794874496,0.01580238342,0.01203918457,13.46548373,13.39174879,day8_waveform_surrogate_confirmation_adapter
S,final_confirmation,44,131072,0.36,12,-2,3.759103421,3.788947356,0.02960839165,3.759338965,0.0002355434176,0.01549911499,0.01170158386,13.45635593,13.40106468,day8_waveform_surrogate_confirmation_adapter
S,final_confirmation,45,131072,0.36,12,-2,3.746894825,3.782866692,0.02960839165,3.753258301,0.006363475845,0.0161151886,0.01203346252,13.43877291,13.39038891,day8_waveform_surrogate_confirmation_adapter
S,final_confirmation,46,131072,0.36,12,-2,3.757943293,3.791483454,0.02960839165,3.761875062,0.00393176875,0.01557159424,0.01163291931,13.46582109,13.40422444,day8_waveform_surrogate_confirmation_adapter
S,final_confirmation,47,131072,0.36,12,-2,3.76429254,3.792562697,0.02960839165,3.762954305,-0.001338234883,0.01559257507,0.0118598938,13.47847356,13.40020084,day8_waveform_surrogate_confirmation_adapter
S,final_confirmation,48,131072,0.36,12,-2,3.759017086,3.786452735,0.02960839165,3.756844343,-0.002172743433,0.01566886902,0.01190567017,13.45524545,13.39256487,day8_waveform_surrogate_confirmation_adapter
S,final_confirmation,49,131072,0.36,12,-2,3.750101979,3.78521769,0.02960839165,3.755609298,0.005507319342,0.01584815979,0.01197052002,13.44945185,13.38762556,day8_waveform_surrogate_confirmation_adapter
S,final_confirmation,50,131072,0.36,12,-2,3.753585181,3.782261318,0.02960839165,3.752652926,-0.0009322555514,0.01558876038,0.01207733154,13.45239947,13.38724356,day8_waveform_surrogate_confirmation_adapter
C+S,final_confirmation,21,131072,0.36,12,0,3.582290494,3.624453753,0.02960839165,3.594845361,0.01255486659,0.02603435516,0.02142429352,12.3204802,12.15635977,day8_waveform_surrogate_confirmation_adapter; C+S uses existing Day-8 two-band surrogate and stress/penalty logic
C+S,final_confirmation,22,131072,0.36,12,0,3.590783112,3.61995188,0.02960839165,3.590343488,-0.0004396241579,0.02572631836,0.02171897888,12.32559966,12.1422781,day8_waveform_surrogate_confirmation_adapter; C+S uses existing Day-8 two-band surrogate and stress/penalty logic
C+S,final_confirmation,23,131072,0.36,12,0,3.592060888,3.627435588,0.02960839165,3.597827196,0.005766308787,0.02586174011,0.02137088776,12.33232016,12.16644016,day8_waveform_surrogate_confirmation_adapter; C+S uses existing Day-8 two-band surrogate and stress/penalty logic
C+S,final_confirmation,24,131072,0.36,12,0,3.596282456,3.626834094,0.02960839165,3.597225703,0.0009432470962,0.02562046051,0.02150917053,12.33718304,12.12803596,day8_waveform_surrogate_confirmation_adapter; C+S uses existing Day-8 two-band surrogate and stress/penalty logic
C+S,final_confirmation,25,131072,0.36,12,0,3.596873864,3.626291936,0.02960839165,3.596683544,-0.0001903195777,0.02578639984,0.0215177536,12.32939356,12.13151038,day8_waveform_surrogate_confirmation_adapter; C+S uses existing Day-8 two-band surrogate and stress/penalty logic
C+S,final_confirmation,26,131072,0.36,12,0,3.591726814,3.623532672,0.02960839165,3.59392428,0.002197466024,0.0256061554,0.02163505554,12.34575122,12.13157155,day8_waveform_surrogate_confirmation_adapter; C+S uses existing Day-8 two-band surrogate and stress/penalty logic
C+S,final_confirmation,27,131072,0.36,12,0,3.595075609,3.627731529,0.02960839165,3.598123137,0.00304752803,0.0257434845,0.02153778076,12.33612467,12.14583827,day8_waveform_surrogate_confirmation_adapter; C+S uses existing Day-8 two-band surrogate and stress/penalty logic
C+S,final_confirmation,28,131072,0.36,12,0,3.59078578,3.621140544,0.02960839165,3.591532153,0.0007463729533,0.02576637268,0.02133560181,12.34281904,12.15193291,day8_waveform_surrogate_confirmation_adapter; C+S uses existing Day-8 two-band surrogate and stress/penalty logic
C+S,final_confirmation,29,131072,0.36,12,0,3.600874779,3.620793104,0.02960839165,3.591184713,-0.009690066015,0.02547740936,0.0215959549,12.3395652,12.15498842,day8_waveform_surrogate_confirmation_adapter; C+S uses existing Day-8 two-band surrogate and stress/penalty logic
C+S,final_confirmation,30,131072,0.36,12,0,3.598829512,3.625709456,0.02960839165,3.596101065,-0.002728446812,0.02582931519,0.02164459229,12.34238959,12.14078709,day8_waveform_surrogate_confirmation_adapter; C+S uses existing Day-8 two-band surrogate and stress/penalty logic
C+S,final_confirmation,31,131072,0.36,12,0,3.589692532,3.616709343,0.02960839165,3.587100951,-0.002591580647,0.02580070496,0.02151298523,12.32794991,12.14801148,day8_waveform_surrogate_confirmation_adapter; C+S uses existing Day-8 two-band surrogate and stress/penalty logic
C+S,final_confirmation,32,131072,0.36,12,0,3.591258602,3.619942755,0.02960839165,3.590334363,-0.0009242390347,0.02597904205,0.02146339417,12.32452029,12.14021852,day8_waveform_surrogate_confirmation_adapter; C+S uses existing Day-8 two-band surrogate and stress/penalty logic
C+S,final_confirmation,33,131072,0.36,12,0,3.594608678,3.621475591,0.02960839165,3.591867199,-0.002741478845,0.02602100372,0.02157020569,12.32285353,12.13568333,day8_waveform_surrogate_confirmation_adapter; C+S uses existing Day-8 two-band surrogate and stress/penalty logic
C+S,final_confirmation,34,131072,0.36,12,0,3.5952908,3.619639433,0.02960839165,3.590031041,-0.005259758718,0.02569103241,0.02154922485,12.34989367,12.13251988,day8_waveform_surrogate_confirmation_adapter; C+S uses existing Day-8 two-band surrogate and stress/penalty logic
C+S,final_confirmation,35,131072,0.36,12,0,3.584978459,3.618739865,0.02960839165,3.589131473,0.004153014107,0.02581596375,0.02164936066,12.34221244,12.14414191,day8_waveform_surrogate_confirmation_adapter; C+S uses existing Day-8 two-band surrogate and stress/penalty logic
C+S,final_confirmation,36,131072,0.36,12,0,3.593875248,3.627801464,0.02960839165,3.598193072,0.004317824057,0.02592468262,0.02139949799,12.33054682,12.14955555,day8_waveform_surrogate_confirmation_adapter; C+S uses existing Day-8 two-band surrogate and stress/penalty logic
C+S,final_confirmation,37,131072,0.36,12,0,3.592242723,3.623764384,0.02960839165,3.594155992,0.001913269263,0.02565860748,0.021484375,12.33024001,12.15227788,day8_waveform_surrogate_confirmation_adapter; C+S uses existing Day-8 two-band surrogate and stress/penalty logic
C+S,final_confirmation,38,131072,0.36,12,0,3.593761698,3.629251212,0.02960839165,3.59964282,0.005881121931,0.02583789825,0.02154254913,12.33433388,12.13376014,day8_waveform_surrogate_confirmation_adapter; C+S uses existing Day-8 two-band surrogate and stress/penalty logic
C+S,final_confirmation,39,131072,0.36,12,0,3.591413268,3.626750062,0.02960839165,3.597141671,0.005728403067,0.02591514587,0.02149105072,12.3196496,12.14829651,day8_waveform_surrogate_confirmation_adapter; C+S uses existing Day-8 two-band surrogate and stress/penalty logic
C+S,final_confirmation,40,131072,0.36,12,0,3.603231696,3.62476228,0.02960839165,3.595153889,-0.008077807702,0.02539157867,0.0217590332,12.3434146,12.12889332,day8_waveform_surrogate_confirmation_adapter; C+S uses existing Day-8 two-band surrogate and stress/penalty logic
C+S,final_confirmation,41,131072,0.36,12,0,3.595915015,3.620106454,0.02960839165,3.590498062,-0.005416953035,0.02608966827,0.02167892456,12.33203547,12.12782082,day8_waveform_surrogate_confirmation_adapter; C+S uses existing Day-8 two-band surrogate and stress/penalty logic
C+S,final_confirmation,42,131072,0.36,12,0,3.587494946,3.623136391,0.02960839165,3.593527999,0.006033053459,0.02606868744,0.02133846283,12.33178979,12.15611536,day8_waveform_surrogate_confirmation_adapter; C+S uses existing Day-8 two-band surrogate and stress/penalty logic
C+S,final_confirmation,43,131072,0.36,12,0,3.593320381,3.627611583,0.02960839165,3.598003191,0.004682809711,0.0256061554,0.02128791809,12.35187507,12.16334096,day8_waveform_surrogate_confirmation_adapter; C+S uses existing Day-8 two-band surrogate and stress/penalty logic
C+S,final_confirmation,44,131072,0.36,12,0,3.597708068,3.621344151,0.02960839165,3.59173576,-0.005972307837,0.02585792542,0.02147674561,12.33245516,12.16386891,day8_waveform_surrogate_confirmation_adapter; C+S uses existing Day-8 two-band surrogate and stress/penalty logic
C+S,final_confirmation,45,131072,0.36,12,0,3.596695883,3.627042325,0.02960839165,3.597433933,0.0007380497814,0.0257024765,0.02150344849,12.33161383,12.14303251,day8_waveform_surrogate_confirmation_adapter; C+S uses existing Day-8 two-band surrogate and stress/penalty logic
C+S,final_confirmation,46,131072,0.36,12,0,3.598221383,3.628306347,0.02960839165,3.598697956,0.0004765723446,0.02576732635,0.02132511139,12.33503942,12.15562352,day8_waveform_surrogate_confirmation_adapter; C+S uses existing Day-8 two-band surrogate and stress/penalty logic
C+S,final_confirmation,47,131072,0.36,12,0,3.580415066,3.626337346,0.02960839165,3.596728954,0.01631388843,0.02576446533,0.02136135101,12.3322331,12.15422581,day8_waveform_surrogate_confirmation_adapter; C+S uses existing Day-8 two-band surrogate and stress/penalty logic
C+S,final_confirmation,48,131072,0.36,12,0,3.594739005,3.620444866,0.02960839165,3.590836474,-0.003902531459,0.02588939667,0.02149963379,12.32354436,12.13133668,day8_waveform_surrogate_confirmation_adapter; C+S uses existing Day-8 two-band surrogate and stress/penalty logic
C+S,final_confirmation,49,131072,0.36,12,0,3.587467654,3.625190656,0.02960839165,3.595582264,0.008114609816,0.02606201172,0.02146911621,12.32664076,12.15210289,day8_waveform_surrogate_confirmation_adapter; C+S uses existing Day-8 two-band surrogate and stress/penalty logic
C+S,final_confirmation,50,131072,0.36,12,0,3.586757266,3.627063645,0.02960839165,3.597455253,0.01069798674,0.02614498138,0.02150154114,12.3129811,12.16358909,day8_waveform_surrogate_confirmation_adapter; C+S uses existing Day-8 two-band surrogate and stress/penalty logic
