job_id,scenario,seed,symbols,nu,spans,launch_power_dbm,output_csv,log_path,command,status
confirm_001_c_seed21,C,21,131072,0.36,10,2.0,results/final/raw_confirmation/confirm_001_c_seed21.csv,results/final/logs/confirm_001_c_seed21.log,"python scripts/final_outputs/run_single_confirmation_job.py --scenario ""C"" --seed 21 --symbols 131072 --nu 0.36 --spans 10 --launch-power-dbm 2.0 --output results/final/raw_confirmation/confirm_001_c_seed21.csv --log results/final/logs/confirm_001_c_seed21.log",planned_not_run
confirm_002_c_seed22,C,22,131072,0.36,10,2.0,results/final/raw_confirmation/confirm_002_c_seed22.csv,results/final/logs/confirm_002_c_seed22.log,"python scripts/final_outputs/run_single_confirmation_job.py --scenario ""C"" --seed 22 --symbols 131072 --nu 0.36 --spans 10 --launch-power-dbm 2.0 --output results/final/raw_confirmation/confirm_002_c_seed22.csv --log results/final/logs/confirm_002_c_seed22.log",planned_not_run
confirm_003_c_seed23,C,23,131072,0.36,10,2.0,results/final/raw_confirmation/confirm_003_c_seed23.csv,results/final/logs/confirm_003_c_seed23.log,"python scripts/final_outputs/run_single_confirmation_job.py --scenario ""C"" --seed 23 --symbols 131072 --nu 0.36 --spans 10 --launch-power-dbm 2.0 --output results/final/raw_confirmation/confirm_003_c_seed23.csv --log results/final/logs/confirm_003_c_seed23.log",planned_not_run
confirm_004_c_seed24,C,24,131072,0.36,10,2.0,results/final/raw_confirmation/confirm_004_c_seed24.csv,results/final/logs/confirm_004_c_seed24.log,"python scripts/final_outputs/run_single_confirmation_job.py --scenario ""C"" --seed 24 --symbols 131072 --nu 0.36 --spans 10 --launch-power-dbm 2.0 --output results/final/raw_confirmation/confirm_004_c_seed24.csv --log results/final/logs/confirm_004_c_seed24.log",planned_not_run
confirm_005_c_seed25,C,25,131072,0.36,10,2.0,results/final/raw_confirmation/confirm_005_c_seed25.csv,results/final/logs/confirm_005_c_seed25.log,"python scripts/final_outputs/run_single_confirmation_job.py --scenario ""C"" --seed 25 --symbols 131072 --nu 0.36 --spans 10 --launch-power-dbm 2.0 --output results/final/raw_confirmation/confirm_005_c_seed25.csv --log results/final/logs/confirm_005_c_seed25.log",planned_not_run
confirm_006_c_seed26,C,26,131072,0.36,10,2.0,results/final/raw_confirmation/confirm_006_c_seed26.csv,results/final/logs/confirm_006_c_seed26.log,"python scripts/final_outputs/run_single_confirmation_job.py --scenario ""C"" --seed 26 --symbols 131072 --nu 0.36 --spans 10 --launch-power-dbm 2.0 --output results/final/raw_confirmation/confirm_006_c_seed26.csv --log results/final/logs/confirm_006_c_seed26.log",planned_not_run
confirm_007_c_seed27,C,27,131072,0.36,10,2.0,results/final/raw_confirmation/confirm_007_c_seed27.csv,results/final/logs/confirm_007_c_seed27.log,"python scripts/final_outputs/run_single_confirmation_job.py --scenario ""C"" --seed 27 --symbols 131072 --nu 0.36 --spans 10 --launch-power-dbm 2.0 --output results/final/raw_confirmation/confirm_007_c_seed27.csv --log results/final/logs/confirm_007_c_seed27.log",planned_not_run
confirm_008_c_seed28,C,28,131072,0.36,10,2.0,results/final/raw_confirmation/confirm_008_c_seed28.csv,results/final/logs/confirm_008_c_seed28.log,"python scripts/final_outputs/run_single_confirmation_job.py --scenario ""C"" --seed 28 --symbols 131072 --nu 0.36 --spans 10 --launch-power-dbm 2.0 --output results/final/raw_confirmation/confirm_008_c_seed28.csv --log results/final/logs/confirm_008_c_seed28.log",planned_not_run
confirm_009_c_seed29,C,29,131072,0.36,10,2.0,results/final/raw_confirmation/confirm_009_c_seed29.csv,results/final/logs/confirm_009_c_seed29.log,"python scripts/final_outputs/run_single_confirmation_job.py --scenario ""C"" --seed 29 --symbols 131072 --nu 0.36 --spans 10 --launch-power-dbm 2.0 --output results/final/raw_confirmation/confirm_009_c_seed29.csv --log results/final/logs/confirm_009_c_seed29.log",planned_not_run
confirm_010_c_seed30,C,30,131072,0.36,10,2.0,results/final/raw_confirmation/confirm_010_c_seed30.csv,results/final/logs/confirm_010_c_seed30.log,"python scripts/final_outputs/run_single_confirmation_job.py --scenario ""C"" --seed 30 --symbols 131072 --nu 0.36 --spans 10 --launch-power-dbm 2.0 --output results/final/raw_confirmation/confirm_010_c_seed30.csv --log results/final/logs/confirm_010_c_seed30.log",planned_not_run
confirm_011_c_seed31,C,31,131072,0.36,10,2.0,results/final/raw_confirmation/confirm_011_c_seed31.csv,results/final/logs/confirm_011_c_seed31.log,"python scripts/final_outputs/run_single_confirmation_job.py --scenario ""C"" --seed 31 --symbols 131072 --nu 0.36 --spans 10 --launch-power-dbm 2.0 --output results/final/raw_confirmation/confirm_011_c_seed31.csv --log results/final/logs/confirm_011_c_seed31.log",planned_not_run
confirm_012_c_seed32,C,32,131072,0.36,10,2.0,results/final/raw_confirmation/confirm_012_c_seed32.csv,results/final/logs/confirm_012_c_seed32.log,"python scripts/final_outputs/run_single_confirmation_job.py --scenario ""C"" --seed 32 --symbols 131072 --nu 0.36 --spans 10 --launch-power-dbm 2.0 --output results/final/raw_confirmation/confirm_012_c_seed32.csv --log results/final/logs/confirm_012_c_seed32.log",planned_not_run
confirm_013_c_seed33,C,33,131072,0.36,10,2.0,results/final/raw_confirmation/confirm_013_c_seed33.csv,results/final/logs/confirm_013_c_seed33.log,"python scripts/final_outputs/run_single_confirmation_job.py --scenario ""C"" --seed 33 --symbols 131072 --nu 0.36 --spans 10 --launch-power-dbm 2.0 --output results/final/raw_confirmation/confirm_013_c_seed33.csv --log results/final/logs/confirm_013_c_seed33.log",planned_not_run
confirm_014_c_seed34,C,34,131072,0.36,10,2.0,results/final/raw_confirmation/confirm_014_c_seed34.csv,results/final/logs/confirm_014_c_seed34.log,"python scripts/final_outputs/run_single_confirmation_job.py --scenario ""C"" --seed 34 --symbols 131072 --nu 0.36 --spans 10 --launch-power-dbm 2.0 --output results/final/raw_confirmation/confirm_014_c_seed34.csv --log results/final/logs/confirm_014_c_seed34.log",planned_not_run
confirm_015_c_seed35,C,35,131072,0.36,10,2.0,results/final/raw_confirmation/confirm_015_c_seed35.csv,results/final/logs/confirm_015_c_seed35.log,"python scripts/final_outputs/run_single_confirmation_job.py --scenario ""C"" --seed 35 --symbols 131072 --nu 0.36 --spans 10 --launch-power-dbm 2.0 --output results/final/raw_confirmation/confirm_015_c_seed35.csv --log results/final/logs/confirm_015_c_seed35.log",planned_not_run
confirm_016_c_seed36,C,36,131072,0.36,10,2.0,results/final/raw_confirmation/confirm_016_c_seed36.csv,results/final/logs/confirm_016_c_seed36.log,"python scripts/final_outputs/run_single_confirmation_job.py --scenario ""C"" --seed 36 --symbols 131072 --nu 0.36 --spans 10 --launch-power-dbm 2.0 --output results/final/raw_confirmation/confirm_016_c_seed36.csv --log results/final/logs/confirm_016_c_seed36.log",planned_not_run
confirm_017_c_seed37,C,37,131072,0.36,10,2.0,results/final/raw_confirmation/confirm_017_c_seed37.csv,results/final/logs/confirm_017_c_seed37.log,"python scripts/final_outputs/run_single_confirmation_job.py --scenario ""C"" --seed 37 --symbols 131072 --nu 0.36 --spans 10 --launch-power-dbm 2.0 --output results/final/raw_confirmation/confirm_017_c_seed37.csv --log results/final/logs/confirm_017_c_seed37.log",planned_not_run
confirm_018_c_seed38,C,38,131072,0.36,10,2.0,results/final/raw_confirmation/confirm_018_c_seed38.csv,results/final/logs/confirm_018_c_seed38.log,"python scripts/final_outputs/run_single_confirmation_job.py --scenario ""C"" --seed 38 --symbols 131072 --nu 0.36 --spans 10 --launch-power-dbm 2.0 --output results/final/raw_confirmation/confirm_018_c_seed38.csv --log results/final/logs/confirm_018_c_seed38.log",planned_not_run
confirm_019_c_seed39,C,39,131072,0.36,10,2.0,results/final/raw_confirmation/confirm_019_c_seed39.csv,results/final/logs/confirm_019_c_seed39.log,"python scripts/final_outputs/run_single_confirmation_job.py --scenario ""C"" --seed 39 --symbols 131072 --nu 0.36 --spans 10 --launch-power-dbm 2.0 --output results/final/raw_confirmation/confirm_019_c_seed39.csv --log results/final/logs/confirm_019_c_seed39.log",planned_not_run
confirm_020_c_seed40,C,40,131072,0.36,10,2.0,results/final/raw_confirmation/confirm_020_c_seed40.csv,results/final/logs/confirm_020_c_seed40.log,"python scripts/final_outputs/run_single_confirmation_job.py --scenario ""C"" --seed 40 --symbols 131072 --nu 0.36 --spans 10 --launch-power-dbm 2.0 --output results/final/raw_confirmation/confirm_020_c_seed40.csv --log results/final/logs/confirm_020_c_seed40.log",planned_not_run
confirm_021_c_seed41,C,41,131072,0.36,10,2.0,results/final/raw_confirmation/confirm_021_c_seed41.csv,results/final/logs/confirm_021_c_seed41.log,"python scripts/final_outputs/run_single_confirmation_job.py --scenario ""C"" --seed 41 --symbols 131072 --nu 0.36 --spans 10 --launch-power-dbm 2.0 --output results/final/raw_confirmation/confirm_021_c_seed41.csv --log results/final/logs/confirm_021_c_seed41.log",planned_not_run
confirm_022_c_seed42,C,42,131072,0.36,10,2.0,results/final/raw_confirmation/confirm_022_c_seed42.csv,results/final/logs/confirm_022_c_seed42.log,"python scripts/final_outputs/run_single_confirmation_job.py --scenario ""C"" --seed 42 --symbols 131072 --nu 0.36 --spans 10 --launch-power-dbm 2.0 --output results/final/raw_confirmation/confirm_022_c_seed42.csv --log results/final/logs/confirm_022_c_seed42.log",planned_not_run
confirm_023_c_seed43,C,43,131072,0.36,10,2.0,results/final/raw_confirmation/confirm_023_c_seed43.csv,results/final/logs/confirm_023_c_seed43.log,"python scripts/final_outputs/run_single_confirmation_job.py --scenario ""C"" --seed 43 --symbols 131072 --nu 0.36 --spans 10 --launch-power-dbm 2.0 --output results/final/raw_confirmation/confirm_023_c_seed43.csv --log results/final/logs/confirm_023_c_seed43.log",planned_not_run
confirm_024_c_seed44,C,44,131072,0.36,10,2.0,results/final/raw_confirmation/confirm_024_c_seed44.csv,results/final/logs/confirm_024_c_seed44.log,"python scripts/final_outputs/run_single_confirmation_job.py --scenario ""C"" --seed 44 --symbols 131072 --nu 0.36 --spans 10 --launch-power-dbm 2.0 --output results/final/raw_confirmation/confirm_024_c_seed44.csv --log results/final/logs/confirm_024_c_seed44.log",planned_not_run
confirm_025_c_seed45,C,45,131072,0.36,10,2.0,results/final/raw_confirmation/confirm_025_c_seed45.csv,results/final/logs/confirm_025_c_seed45.log,"python scripts/final_outputs/run_single_confirmation_job.py --scenario ""C"" --seed 45 --symbols 131072 --nu 0.36 --spans 10 --launch-power-dbm 2.0 --output results/final/raw_confirmation/confirm_025_c_seed45.csv --log results/final/logs/confirm_025_c_seed45.log",planned_not_run
confirm_026_c_seed46,C,46,131072,0.36,10,2.0,results/final/raw_confirmation/confirm_026_c_seed46.csv,results/final/logs/confirm_026_c_seed46.log,"python scripts/final_outputs/run_single_confirmation_job.py --scenario ""C"" --seed 46 --symbols 131072 --nu 0.36 --spans 10 --launch-power-dbm 2.0 --output results/final/raw_confirmation/confirm_026_c_seed46.csv --log results/final/logs/confirm_026_c_seed46.log",planned_not_run
confirm_027_c_seed47,C,47,131072,0.36,10,2.0,results/final/raw_confirmation/confirm_027_c_seed47.csv,results/final/logs/confirm_027_c_seed47.log,"python scripts/final_outputs/run_single_confirmation_job.py --scenario ""C"" --seed 47 --symbols 131072 --nu 0.36 --spans 10 --launch-power-dbm 2.0 --output results/final/raw_confirmation/confirm_027_c_seed47.csv --log results/final/logs/confirm_027_c_seed47.log",planned_not_run
confirm_028_c_seed48,C,48,131072,0.36,10,2.0,results/final/raw_confirmation/confirm_028_c_seed48.csv,results/final/logs/confirm_028_c_seed48.log,"python scripts/final_outputs/run_single_confirmation_job.py --scenario ""C"" --seed 48 --symbols 131072 --nu 0.36 --spans 10 --launch-power-dbm 2.0 --output results/final/raw_confirmation/confirm_028_c_seed48.csv --log results/final/logs/confirm_028_c_seed48.log",planned_not_run
confirm_029_c_seed49,C,49,131072,0.36,10,2.0,results/final/raw_confirmation/confirm_029_c_seed49.csv,results/final/logs/confirm_029_c_seed49.log,"python scripts/final_outputs/run_single_confirmation_job.py --scenario ""C"" --seed 49 --symbols 131072 --nu 0.36 --spans 10 --launch-power-dbm 2.0 --output results/final/raw_confirmation/confirm_029_c_seed49.csv --log results/final/logs/confirm_029_c_seed49.log",planned_not_run
confirm_030_c_seed50,C,50,131072,0.36,10,2.0,results/final/raw_confirmation/confirm_030_c_seed50.csv,results/final/logs/confirm_030_c_seed50.log,"python scripts/final_outputs/run_single_confirmation_job.py --scenario ""C"" --seed 50 --symbols 131072 --nu 0.36 --spans 10 --launch-power-dbm 2.0 --output results/final/raw_confirmation/confirm_030_c_seed50.csv --log results/final/logs/confirm_030_c_seed50.log",planned_not_run
confirm_031_s_seed21,S,21,131072,0.36,12,-2.0,results/final/raw_confirmation/confirm_031_s_seed21.csv,results/final/logs/confirm_031_s_seed21.log,"python scripts/final_outputs/run_single_confirmation_job.py --scenario ""S"" --seed 21 --symbols 131072 --nu 0.36 --spans 12 --launch-power-dbm -2.0 --output results/final/raw_confirmation/confirm_031_s_seed21.csv --log results/final/logs/confirm_031_s_seed21.log",planned_not_run
confirm_032_s_seed22,S,22,131072,0.36,12,-2.0,results/final/raw_confirmation/confirm_032_s_seed22.csv,results/final/logs/confirm_032_s_seed22.log,"python scripts/final_outputs/run_single_confirmation_job.py --scenario ""S"" --seed 22 --symbols 131072 --nu 0.36 --spans 12 --launch-power-dbm -2.0 --output results/final/raw_confirmation/confirm_032_s_seed22.csv --log results/final/logs/confirm_032_s_seed22.log",planned_not_run
confirm_033_s_seed23,S,23,131072,0.36,12,-2.0,results/final/raw_confirmation/confirm_033_s_seed23.csv,results/final/logs/confirm_033_s_seed23.log,"python scripts/final_outputs/run_single_confirmation_job.py --scenario ""S"" --seed 23 --symbols 131072 --nu 0.36 --spans 12 --launch-power-dbm -2.0 --output results/final/raw_confirmation/confirm_033_s_seed23.csv --log results/final/logs/confirm_033_s_seed23.log",planned_not_run
confirm_034_s_seed24,S,24,131072,0.36,12,-2.0,results/final/raw_confirmation/confirm_034_s_seed24.csv,results/final/logs/confirm_034_s_seed24.log,"python scripts/final_outputs/run_single_confirmation_job.py --scenario ""S"" --seed 24 --symbols 131072 --nu 0.36 --spans 12 --launch-power-dbm -2.0 --output results/final/raw_confirmation/confirm_034_s_seed24.csv --log results/final/logs/confirm_034_s_seed24.log",planned_not_run
confirm_035_s_seed25,S,25,131072,0.36,12,-2.0,results/final/raw_confirmation/confirm_035_s_seed25.csv,results/final/logs/confirm_035_s_seed25.log,"python scripts/final_outputs/run_single_confirmation_job.py --scenario ""S"" --seed 25 --symbols 131072 --nu 0.36 --spans 12 --launch-power-dbm -2.0 --output results/final/raw_confirmation/confirm_035_s_seed25.csv --log results/final/logs/confirm_035_s_seed25.log",planned_not_run
confirm_036_s_seed26,S,26,131072,0.36,12,-2.0,results/final/raw_confirmation/confirm_036_s_seed26.csv,results/final/logs/confirm_036_s_seed26.log,"python scripts/final_outputs/run_single_confirmation_job.py --scenario ""S"" --seed 26 --symbols 131072 --nu 0.36 --spans 12 --launch-power-dbm -2.0 --output results/final/raw_confirmation/confirm_036_s_seed26.csv --log results/final/logs/confirm_036_s_seed26.log",planned_not_run
confirm_037_s_seed27,S,27,131072,0.36,12,-2.0,results/final/raw_confirmation/confirm_037_s_seed27.csv,results/final/logs/confirm_037_s_seed27.log,"python scripts/final_outputs/run_single_confirmation_job.py --scenario ""S"" --seed 27 --symbols 131072 --nu 0.36 --spans 12 --launch-power-dbm -2.0 --output results/final/raw_confirmation/confirm_037_s_seed27.csv --log results/final/logs/confirm_037_s_seed27.log",planned_not_run
confirm_038_s_seed28,S,28,131072,0.36,12,-2.0,results/final/raw_confirmation/confirm_038_s_seed28.csv,results/final/logs/confirm_038_s_seed28.log,"python scripts/final_outputs/run_single_confirmation_job.py --scenario ""S"" --seed 28 --symbols 131072 --nu 0.36 --spans 12 --launch-power-dbm -2.0 --output results/final/raw_confirmation/confirm_038_s_seed28.csv --log results/final/logs/confirm_038_s_seed28.log",planned_not_run
confirm_039_s_seed29,S,29,131072,0.36,12,-2.0,results/final/raw_confirmation/confirm_039_s_seed29.csv,results/final/logs/confirm_039_s_seed29.log,"python scripts/final_outputs/run_single_confirmation_job.py --scenario ""S"" --seed 29 --symbols 131072 --nu 0.36 --spans 12 --launch-power-dbm -2.0 --output results/final/raw_confirmation/confirm_039_s_seed29.csv --log results/final/logs/confirm_039_s_seed29.log",planned_not_run
confirm_040_s_seed30,S,30,131072,0.36,12,-2.0,results/final/raw_confirmation/confirm_040_s_seed30.csv,results/final/logs/confirm_040_s_seed30.log,"python scripts/final_outputs/run_single_confirmation_job.py --scenario ""S"" --seed 30 --symbols 131072 --nu 0.36 --spans 12 --launch-power-dbm -2.0 --output results/final/raw_confirmation/confirm_040_s_seed30.csv --log results/final/logs/confirm_040_s_seed30.log",planned_not_run
confirm_041_s_seed31,S,31,131072,0.36,12,-2.0,results/final/raw_confirmation/confirm_041_s_seed31.csv,results/final/logs/confirm_041_s_seed31.log,"python scripts/final_outputs/run_single_confirmation_job.py --scenario ""S"" --seed 31 --symbols 131072 --nu 0.36 --spans 12 --launch-power-dbm -2.0 --output results/final/raw_confirmation/confirm_041_s_seed31.csv --log results/final/logs/confirm_041_s_seed31.log",planned_not_run
confirm_042_s_seed32,S,32,131072,0.36,12,-2.0,results/final/raw_confirmation/confirm_042_s_seed32.csv,results/final/logs/confirm_042_s_seed32.log,"python scripts/final_outputs/run_single_confirmation_job.py --scenario ""S"" --seed 32 --symbols 131072 --nu 0.36 --spans 12 --launch-power-dbm -2.0 --output results/final/raw_confirmation/confirm_042_s_seed32.csv --log results/final/logs/confirm_042_s_seed32.log",planned_not_run
confirm_043_s_seed33,S,33,131072,0.36,12,-2.0,results/final/raw_confirmation/confirm_043_s_seed33.csv,results/final/logs/confirm_043_s_seed33.log,"python scripts/final_outputs/run_single_confirmation_job.py --scenario ""S"" --seed 33 --symbols 131072 --nu 0.36 --spans 12 --launch-power-dbm -2.0 --output results/final/raw_confirmation/confirm_043_s_seed33.csv --log results/final/logs/confirm_043_s_seed33.log",planned_not_run
confirm_044_s_seed34,S,34,131072,0.36,12,-2.0,results/final/raw_confirmation/confirm_044_s_seed34.csv,results/final/logs/confirm_044_s_seed34.log,"python scripts/final_outputs/run_single_confirmation_job.py --scenario ""S"" --seed 34 --symbols 131072 --nu 0.36 --spans 12 --launch-power-dbm -2.0 --output results/final/raw_confirmation/confirm_044_s_seed34.csv --log results/final/logs/confirm_044_s_seed34.log",planned_not_run
confirm_045_s_seed35,S,35,131072,0.36,12,-2.0,results/final/raw_confirmation/confirm_045_s_seed35.csv,results/final/logs/confirm_045_s_seed35.log,"python scripts/final_outputs/run_single_confirmation_job.py --scenario ""S"" --seed 35 --symbols 131072 --nu 0.36 --spans 12 --launch-power-dbm -2.0 --output results/final/raw_confirmation/confirm_045_s_seed35.csv --log results/final/logs/confirm_045_s_seed35.log",planned_not_run
confirm_046_s_seed36,S,36,131072,0.36,12,-2.0,results/final/raw_confirmation/confirm_046_s_seed36.csv,results/final/logs/confirm_046_s_seed36.log,"python scripts/final_outputs/run_single_confirmation_job.py --scenario ""S"" --seed 36 --symbols 131072 --nu 0.36 --spans 12 --launch-power-dbm -2.0 --output results/final/raw_confirmation/confirm_046_s_seed36.csv --log results/final/logs/confirm_046_s_seed36.log",planned_not_run
confirm_047_s_seed37,S,37,131072,0.36,12,-2.0,results/final/raw_confirmation/confirm_047_s_seed37.csv,results/final/logs/confirm_047_s_seed37.log,"python scripts/final_outputs/run_single_confirmation_job.py --scenario ""S"" --seed 37 --symbols 131072 --nu 0.36 --spans 12 --launch-power-dbm -2.0 --output results/final/raw_confirmation/confirm_047_s_seed37.csv --log results/final/logs/confirm_047_s_seed37.log",planned_not_run
confirm_048_s_seed38,S,38,131072,0.36,12,-2.0,results/final/raw_confirmation/confirm_048_s_seed38.csv,results/final/logs/confirm_048_s_seed38.log,"python scripts/final_outputs/run_single_confirmation_job.py --scenario ""S"" --seed 38 --symbols 131072 --nu 0.36 --spans 12 --launch-power-dbm -2.0 --output results/final/raw_confirmation/confirm_048_s_seed38.csv --log results/final/logs/confirm_048_s_seed38.log",planned_not_run
confirm_049_s_seed39,S,39,131072,0.36,12,-2.0,results/final/raw_confirmation/confirm_049_s_seed39.csv,results/final/logs/confirm_049_s_seed39.log,"python scripts/final_outputs/run_single_confirmation_job.py --scenario ""S"" --seed 39 --symbols 131072 --nu 0.36 --spans 12 --launch-power-dbm -2.0 --output results/final/raw_confirmation/confirm_049_s_seed39.csv --log results/final/logs/confirm_049_s_seed39.log",planned_not_run
confirm_050_s_seed40,S,40,131072,0.36,12,-2.0,results/final/raw_confirmation/confirm_050_s_seed40.csv,results/final/logs/confirm_050_s_seed40.log,"python scripts/final_outputs/run_single_confirmation_job.py --scenario ""S"" --seed 40 --symbols 131072 --nu 0.36 --spans 12 --launch-power-dbm -2.0 --output results/final/raw_confirmation/confirm_050_s_seed40.csv --log results/final/logs/confirm_050_s_seed40.log",planned_not_run
confirm_051_s_seed41,S,41,131072,0.36,12,-2.0,results/final/raw_confirmation/confirm_051_s_seed41.csv,results/final/logs/confirm_051_s_seed41.log,"python scripts/final_outputs/run_single_confirmation_job.py --scenario ""S"" --seed 41 --symbols 131072 --nu 0.36 --spans 12 --launch-power-dbm -2.0 --output results/final/raw_confirmation/confirm_051_s_seed41.csv --log results/final/logs/confirm_051_s_seed41.log",planned_not_run
confirm_052_s_seed42,S,42,131072,0.36,12,-2.0,results/final/raw_confirmation/confirm_052_s_seed42.csv,results/final/logs/confirm_052_s_seed42.log,"python scripts/final_outputs/run_single_confirmation_job.py --scenario ""S"" --seed 42 --symbols 131072 --nu 0.36 --spans 12 --launch-power-dbm -2.0 --output results/final/raw_confirmation/confirm_052_s_seed42.csv --log results/final/logs/confirm_052_s_seed42.log",planned_not_run
confirm_053_s_seed43,S,43,131072,0.36,12,-2.0,results/final/raw_confirmation/confirm_053_s_seed43.csv,results/final/logs/confirm_053_s_seed43.log,"python scripts/final_outputs/run_single_confirmation_job.py --scenario ""S"" --seed 43 --symbols 131072 --nu 0.36 --spans 12 --launch-power-dbm -2.0 --output results/final/raw_confirmation/confirm_053_s_seed43.csv --log results/final/logs/confirm_053_s_seed43.log",planned_not_run
confirm_054_s_seed44,S,44,131072,0.36,12,-2.0,results/final/raw_confirmation/confirm_054_s_seed44.csv,results/final/logs/confirm_054_s_seed44.log,"python scripts/final_outputs/run_single_confirmation_job.py --scenario ""S"" --seed 44 --symbols 131072 --nu 0.36 --spans 12 --launch-power-dbm -2.0 --output results/final/raw_confirmation/confirm_054_s_seed44.csv --log results/final/logs/confirm_054_s_seed44.log",planned_not_run
confirm_055_s_seed45,S,45,131072,0.36,12,-2.0,results/final/raw_confirmation/confirm_055_s_seed45.csv,results/final/logs/confirm_055_s_seed45.log,"python scripts/final_outputs/run_single_confirmation_job.py --scenario ""S"" --seed 45 --symbols 131072 --nu 0.36 --spans 12 --launch-power-dbm -2.0 --output results/final/raw_confirmation/confirm_055_s_seed45.csv --log results/final/logs/confirm_055_s_seed45.log",planned_not_run
confirm_056_s_seed46,S,46,131072,0.36,12,-2.0,results/final/raw_confirmation/confirm_056_s_seed46.csv,results/final/logs/confirm_056_s_seed46.log,"python scripts/final_outputs/run_single_confirmation_job.py --scenario ""S"" --seed 46 --symbols 131072 --nu 0.36 --spans 12 --launch-power-dbm -2.0 --output results/final/raw_confirmation/confirm_056_s_seed46.csv --log results/final/logs/confirm_056_s_seed46.log",planned_not_run
confirm_057_s_seed47,S,47,131072,0.36,12,-2.0,results/final/raw_confirmation/confirm_057_s_seed47.csv,results/final/logs/confirm_057_s_seed47.log,"python scripts/final_outputs/run_single_confirmation_job.py --scenario ""S"" --seed 47 --symbols 131072 --nu 0.36 --spans 12 --launch-power-dbm -2.0 --output results/final/raw_confirmation/confirm_057_s_seed47.csv --log results/final/logs/confirm_057_s_seed47.log",planned_not_run
confirm_058_s_seed48,S,48,131072,0.36,12,-2.0,results/final/raw_confirmation/confirm_058_s_seed48.csv,results/final/logs/confirm_058_s_seed48.log,"python scripts/final_outputs/run_single_confirmation_job.py --scenario ""S"" --seed 48 --symbols 131072 --nu 0.36 --spans 12 --launch-power-dbm -2.0 --output results/final/raw_confirmation/confirm_058_s_seed48.csv --log results/final/logs/confirm_058_s_seed48.log",planned_not_run
confirm_059_s_seed49,S,49,131072,0.36,12,-2.0,results/final/raw_confirmation/confirm_059_s_seed49.csv,results/final/logs/confirm_059_s_seed49.log,"python scripts/final_outputs/run_single_confirmation_job.py --scenario ""S"" --seed 49 --symbols 131072 --nu 0.36 --spans 12 --launch-power-dbm -2.0 --output results/final/raw_confirmation/confirm_059_s_seed49.csv --log results/final/logs/confirm_059_s_seed49.log",planned_not_run
confirm_060_s_seed50,S,50,131072,0.36,12,-2.0,results/final/raw_confirmation/confirm_060_s_seed50.csv,results/final/logs/confirm_060_s_seed50.log,"python scripts/final_outputs/run_single_confirmation_job.py --scenario ""S"" --seed 50 --symbols 131072 --nu 0.36 --spans 12 --launch-power-dbm -2.0 --output results/final/raw_confirmation/confirm_060_s_seed50.csv --log results/final/logs/confirm_060_s_seed50.log",planned_not_run
confirm_061_cpluss_seed21,C+S,21,131072,0.36,12,0.0,results/final/raw_confirmation/confirm_061_cpluss_seed21.csv,results/final/logs/confirm_061_cpluss_seed21.log,"python scripts/final_outputs/run_single_confirmation_job.py --scenario ""C+S"" --seed 21 --symbols 131072 --nu 0.36 --spans 12 --launch-power-dbm 0.0 --output results/final/raw_confirmation/confirm_061_cpluss_seed21.csv --log results/final/logs/confirm_061_cpluss_seed21.log",planned_not_run
confirm_062_cpluss_seed22,C+S,22,131072,0.36,12,0.0,results/final/raw_confirmation/confirm_062_cpluss_seed22.csv,results/final/logs/confirm_062_cpluss_seed22.log,"python scripts/final_outputs/run_single_confirmation_job.py --scenario ""C+S"" --seed 22 --symbols 131072 --nu 0.36 --spans 12 --launch-power-dbm 0.0 --output results/final/raw_confirmation/confirm_062_cpluss_seed22.csv --log results/final/logs/confirm_062_cpluss_seed22.log",planned_not_run
confirm_063_cpluss_seed23,C+S,23,131072,0.36,12,0.0,results/final/raw_confirmation/confirm_063_cpluss_seed23.csv,results/final/logs/confirm_063_cpluss_seed23.log,"python scripts/final_outputs/run_single_confirmation_job.py --scenario ""C+S"" --seed 23 --symbols 131072 --nu 0.36 --spans 12 --launch-power-dbm 0.0 --output results/final/raw_confirmation/confirm_063_cpluss_seed23.csv --log results/final/logs/confirm_063_cpluss_seed23.log",planned_not_run
confirm_064_cpluss_seed24,C+S,24,131072,0.36,12,0.0,results/final/raw_confirmation/confirm_064_cpluss_seed24.csv,results/final/logs/confirm_064_cpluss_seed24.log,"python scripts/final_outputs/run_single_confirmation_job.py --scenario ""C+S"" --seed 24 --symbols 131072 --nu 0.36 --spans 12 --launch-power-dbm 0.0 --output results/final/raw_confirmation/confirm_064_cpluss_seed24.csv --log results/final/logs/confirm_064_cpluss_seed24.log",planned_not_run
confirm_065_cpluss_seed25,C+S,25,131072,0.36,12,0.0,results/final/raw_confirmation/confirm_065_cpluss_seed25.csv,results/final/logs/confirm_065_cpluss_seed25.log,"python scripts/final_outputs/run_single_confirmation_job.py --scenario ""C+S"" --seed 25 --symbols 131072 --nu 0.36 --spans 12 --launch-power-dbm 0.0 --output results/final/raw_confirmation/confirm_065_cpluss_seed25.csv --log results/final/logs/confirm_065_cpluss_seed25.log",planned_not_run
confirm_066_cpluss_seed26,C+S,26,131072,0.36,12,0.0,results/final/raw_confirmation/confirm_066_cpluss_seed26.csv,results/final/logs/confirm_066_cpluss_seed26.log,"python scripts/final_outputs/run_single_confirmation_job.py --scenario ""C+S"" --seed 26 --symbols 131072 --nu 0.36 --spans 12 --launch-power-dbm 0.0 --output results/final/raw_confirmation/confirm_066_cpluss_seed26.csv --log results/final/logs/confirm_066_cpluss_seed26.log",planned_not_run
confirm_067_cpluss_seed27,C+S,27,131072,0.36,12,0.0,results/final/raw_confirmation/confirm_067_cpluss_seed27.csv,results/final/logs/confirm_067_cpluss_seed27.log,"python scripts/final_outputs/run_single_confirmation_job.py --scenario ""C+S"" --seed 27 --symbols 131072 --nu 0.36 --spans 12 --launch-power-dbm 0.0 --output results/final/raw_confirmation/confirm_067_cpluss_seed27.csv --log results/final/logs/confirm_067_cpluss_seed27.log",planned_not_run
confirm_068_cpluss_seed28,C+S,28,131072,0.36,12,0.0,results/final/raw_confirmation/confirm_068_cpluss_seed28.csv,results/final/logs/confirm_068_cpluss_seed28.log,"python scripts/final_outputs/run_single_confirmation_job.py --scenario ""C+S"" --seed 28 --symbols 131072 --nu 0.36 --spans 12 --launch-power-dbm 0.0 --output results/final/raw_confirmation/confirm_068_cpluss_seed28.csv --log results/final/logs/confirm_068_cpluss_seed28.log",planned_not_run
confirm_069_cpluss_seed29,C+S,29,131072,0.36,12,0.0,results/final/raw_confirmation/confirm_069_cpluss_seed29.csv,results/final/logs/confirm_069_cpluss_seed29.log,"python scripts/final_outputs/run_single_confirmation_job.py --scenario ""C+S"" --seed 29 --symbols 131072 --nu 0.36 --spans 12 --launch-power-dbm 0.0 --output results/final/raw_confirmation/confirm_069_cpluss_seed29.csv --log results/final/logs/confirm_069_cpluss_seed29.log",planned_not_run
confirm_070_cpluss_seed30,C+S,30,131072,0.36,12,0.0,results/final/raw_confirmation/confirm_070_cpluss_seed30.csv,results/final/logs/confirm_070_cpluss_seed30.log,"python scripts/final_outputs/run_single_confirmation_job.py --scenario ""C+S"" --seed 30 --symbols 131072 --nu 0.36 --spans 12 --launch-power-dbm 0.0 --output results/final/raw_confirmation/confirm_070_cpluss_seed30.csv --log results/final/logs/confirm_070_cpluss_seed30.log",planned_not_run
confirm_071_cpluss_seed31,C+S,31,131072,0.36,12,0.0,results/final/raw_confirmation/confirm_071_cpluss_seed31.csv,results/final/logs/confirm_071_cpluss_seed31.log,"python scripts/final_outputs/run_single_confirmation_job.py --scenario ""C+S"" --seed 31 --symbols 131072 --nu 0.36 --spans 12 --launch-power-dbm 0.0 --output results/final/raw_confirmation/confirm_071_cpluss_seed31.csv --log results/final/logs/confirm_071_cpluss_seed31.log",planned_not_run
confirm_072_cpluss_seed32,C+S,32,131072,0.36,12,0.0,results/final/raw_confirmation/confirm_072_cpluss_seed32.csv,results/final/logs/confirm_072_cpluss_seed32.log,"python scripts/final_outputs/run_single_confirmation_job.py --scenario ""C+S"" --seed 32 --symbols 131072 --nu 0.36 --spans 12 --launch-power-dbm 0.0 --output results/final/raw_confirmation/confirm_072_cpluss_seed32.csv --log results/final/logs/confirm_072_cpluss_seed32.log",planned_not_run
confirm_073_cpluss_seed33,C+S,33,131072,0.36,12,0.0,results/final/raw_confirmation/confirm_073_cpluss_seed33.csv,results/final/logs/confirm_073_cpluss_seed33.log,"python scripts/final_outputs/run_single_confirmation_job.py --scenario ""C+S"" --seed 33 --symbols 131072 --nu 0.36 --spans 12 --launch-power-dbm 0.0 --output results/final/raw_confirmation/confirm_073_cpluss_seed33.csv --log results/final/logs/confirm_073_cpluss_seed33.log",planned_not_run
confirm_074_cpluss_seed34,C+S,34,131072,0.36,12,0.0,results/final/raw_confirmation/confirm_074_cpluss_seed34.csv,results/final/logs/confirm_074_cpluss_seed34.log,"python scripts/final_outputs/run_single_confirmation_job.py --scenario ""C+S"" --seed 34 --symbols 131072 --nu 0.36 --spans 12 --launch-power-dbm 0.0 --output results/final/raw_confirmation/confirm_074_cpluss_seed34.csv --log results/final/logs/confirm_074_cpluss_seed34.log",planned_not_run
confirm_075_cpluss_seed35,C+S,35,131072,0.36,12,0.0,results/final/raw_confirmation/confirm_075_cpluss_seed35.csv,results/final/logs/confirm_075_cpluss_seed35.log,"python scripts/final_outputs/run_single_confirmation_job.py --scenario ""C+S"" --seed 35 --symbols 131072 --nu 0.36 --spans 12 --launch-power-dbm 0.0 --output results/final/raw_confirmation/confirm_075_cpluss_seed35.csv --log results/final/logs/confirm_075_cpluss_seed35.log",planned_not_run
confirm_076_cpluss_seed36,C+S,36,131072,0.36,12,0.0,results/final/raw_confirmation/confirm_076_cpluss_seed36.csv,results/final/logs/confirm_076_cpluss_seed36.log,"python scripts/final_outputs/run_single_confirmation_job.py --scenario ""C+S"" --seed 36 --symbols 131072 --nu 0.36 --spans 12 --launch-power-dbm 0.0 --output results/final/raw_confirmation/confirm_076_cpluss_seed36.csv --log results/final/logs/confirm_076_cpluss_seed36.log",planned_not_run
confirm_077_cpluss_seed37,C+S,37,131072,0.36,12,0.0,results/final/raw_confirmation/confirm_077_cpluss_seed37.csv,results/final/logs/confirm_077_cpluss_seed37.log,"python scripts/final_outputs/run_single_confirmation_job.py --scenario ""C+S"" --seed 37 --symbols 131072 --nu 0.36 --spans 12 --launch-power-dbm 0.0 --output results/final/raw_confirmation/confirm_077_cpluss_seed37.csv --log results/final/logs/confirm_077_cpluss_seed37.log",planned_not_run
confirm_078_cpluss_seed38,C+S,38,131072,0.36,12,0.0,results/final/raw_confirmation/confirm_078_cpluss_seed38.csv,results/final/logs/confirm_078_cpluss_seed38.log,"python scripts/final_outputs/run_single_confirmation_job.py --scenario ""C+S"" --seed 38 --symbols 131072 --nu 0.36 --spans 12 --launch-power-dbm 0.0 --output results/final/raw_confirmation/confirm_078_cpluss_seed38.csv --log results/final/logs/confirm_078_cpluss_seed38.log",planned_not_run
confirm_079_cpluss_seed39,C+S,39,131072,0.36,12,0.0,results/final/raw_confirmation/confirm_079_cpluss_seed39.csv,results/final/logs/confirm_079_cpluss_seed39.log,"python scripts/final_outputs/run_single_confirmation_job.py --scenario ""C+S"" --seed 39 --symbols 131072 --nu 0.36 --spans 12 --launch-power-dbm 0.0 --output results/final/raw_confirmation/confirm_079_cpluss_seed39.csv --log results/final/logs/confirm_079_cpluss_seed39.log",planned_not_run
confirm_080_cpluss_seed40,C+S,40,131072,0.36,12,0.0,results/final/raw_confirmation/confirm_080_cpluss_seed40.csv,results/final/logs/confirm_080_cpluss_seed40.log,"python scripts/final_outputs/run_single_confirmation_job.py --scenario ""C+S"" --seed 40 --symbols 131072 --nu 0.36 --spans 12 --launch-power-dbm 0.0 --output results/final/raw_confirmation/confirm_080_cpluss_seed40.csv --log results/final/logs/confirm_080_cpluss_seed40.log",planned_not_run
confirm_081_cpluss_seed41,C+S,41,131072,0.36,12,0.0,results/final/raw_confirmation/confirm_081_cpluss_seed41.csv,results/final/logs/confirm_081_cpluss_seed41.log,"python scripts/final_outputs/run_single_confirmation_job.py --scenario ""C+S"" --seed 41 --symbols 131072 --nu 0.36 --spans 12 --launch-power-dbm 0.0 --output results/final/raw_confirmation/confirm_081_cpluss_seed41.csv --log results/final/logs/confirm_081_cpluss_seed41.log",planned_not_run
confirm_082_cpluss_seed42,C+S,42,131072,0.36,12,0.0,results/final/raw_confirmation/confirm_082_cpluss_seed42.csv,results/final/logs/confirm_082_cpluss_seed42.log,"python scripts/final_outputs/run_single_confirmation_job.py --scenario ""C+S"" --seed 42 --symbols 131072 --nu 0.36 --spans 12 --launch-power-dbm 0.0 --output results/final/raw_confirmation/confirm_082_cpluss_seed42.csv --log results/final/logs/confirm_082_cpluss_seed42.log",planned_not_run
confirm_083_cpluss_seed43,C+S,43,131072,0.36,12,0.0,results/final/raw_confirmation/confirm_083_cpluss_seed43.csv,results/final/logs/confirm_083_cpluss_seed43.log,"python scripts/final_outputs/run_single_confirmation_job.py --scenario ""C+S"" --seed 43 --symbols 131072 --nu 0.36 --spans 12 --launch-power-dbm 0.0 --output results/final/raw_confirmation/confirm_083_cpluss_seed43.csv --log results/final/logs/confirm_083_cpluss_seed43.log",planned_not_run
confirm_084_cpluss_seed44,C+S,44,131072,0.36,12,0.0,results/final/raw_confirmation/confirm_084_cpluss_seed44.csv,results/final/logs/confirm_084_cpluss_seed44.log,"python scripts/final_outputs/run_single_confirmation_job.py --scenario ""C+S"" --seed 44 --symbols 131072 --nu 0.36 --spans 12 --launch-power-dbm 0.0 --output results/final/raw_confirmation/confirm_084_cpluss_seed44.csv --log results/final/logs/confirm_084_cpluss_seed44.log",planned_not_run
confirm_085_cpluss_seed45,C+S,45,131072,0.36,12,0.0,results/final/raw_confirmation/confirm_085_cpluss_seed45.csv,results/final/logs/confirm_085_cpluss_seed45.log,"python scripts/final_outputs/run_single_confirmation_job.py --scenario ""C+S"" --seed 45 --symbols 131072 --nu 0.36 --spans 12 --launch-power-dbm 0.0 --output results/final/raw_confirmation/confirm_085_cpluss_seed45.csv --log results/final/logs/confirm_085_cpluss_seed45.log",planned_not_run
confirm_086_cpluss_seed46,C+S,46,131072,0.36,12,0.0,results/final/raw_confirmation/confirm_086_cpluss_seed46.csv,results/final/logs/confirm_086_cpluss_seed46.log,"python scripts/final_outputs/run_single_confirmation_job.py --scenario ""C+S"" --seed 46 --symbols 131072 --nu 0.36 --spans 12 --launch-power-dbm 0.0 --output results/final/raw_confirmation/confirm_086_cpluss_seed46.csv --log results/final/logs/confirm_086_cpluss_seed46.log",planned_not_run
confirm_087_cpluss_seed47,C+S,47,131072,0.36,12,0.0,results/final/raw_confirmation/confirm_087_cpluss_seed47.csv,results/final/logs/confirm_087_cpluss_seed47.log,"python scripts/final_outputs/run_single_confirmation_job.py --scenario ""C+S"" --seed 47 --symbols 131072 --nu 0.36 --spans 12 --launch-power-dbm 0.0 --output results/final/raw_confirmation/confirm_087_cpluss_seed47.csv --log results/final/logs/confirm_087_cpluss_seed47.log",planned_not_run
confirm_088_cpluss_seed48,C+S,48,131072,0.36,12,0.0,results/final/raw_confirmation/confirm_088_cpluss_seed48.csv,results/final/logs/confirm_088_cpluss_seed48.log,"python scripts/final_outputs/run_single_confirmation_job.py --scenario ""C+S"" --seed 48 --symbols 131072 --nu 0.36 --spans 12 --launch-power-dbm 0.0 --output results/final/raw_confirmation/confirm_088_cpluss_seed48.csv --log results/final/logs/confirm_088_cpluss_seed48.log",planned_not_run
confirm_089_cpluss_seed49,C+S,49,131072,0.36,12,0.0,results/final/raw_confirmation/confirm_089_cpluss_seed49.csv,results/final/logs/confirm_089_cpluss_seed49.log,"python scripts/final_outputs/run_single_confirmation_job.py --scenario ""C+S"" --seed 49 --symbols 131072 --nu 0.36 --spans 12 --launch-power-dbm 0.0 --output results/final/raw_confirmation/confirm_089_cpluss_seed49.csv --log results/final/logs/confirm_089_cpluss_seed49.log",planned_not_run
confirm_090_cpluss_seed50,C+S,50,131072,0.36,12,0.0,results/final/raw_confirmation/confirm_090_cpluss_seed50.csv,results/final/logs/confirm_090_cpluss_seed50.log,"python scripts/final_outputs/run_single_confirmation_job.py --scenario ""C+S"" --seed 50 --symbols 131072 --nu 0.36 --spans 12 --launch-power-dbm 0.0 --output results/final/raw_confirmation/confirm_090_cpluss_seed50.csv --log results/final/logs/confirm_090_cpluss_seed50.log",planned_not_run
